{"initial_reset_timestamp": 1648241641.326186, "timestamps": [1648241646.3075845, 1648241650.6912527, 1648241652.9847531, 1648241655.235316, 1648241657.4888072, 1648241659.7391462, 1648241661.9950864, 1648241664.263886, 1648241668.6835945, 1648241670.998304], "episode_lengths": [200, 200, 200, 200, 200, 200, 200, 200, 200, 200], "episode_rewards": [-1.611456898586296, 0.725768208291546, 0.3045639093522545, -0.8714405031961225, -0.34803173086744654, -3.1972136354103657, -3.208750120535444, -0.34438051300282035, 0.5254160142260547, -5.091769841629787], "episode_types": ["t", "t", "t", "t", "t", "t", "t", "t", "t", "t"]}