{"initial_reset_timestamp": 1648241722.0823696, "timestamps": [1648241727.2311358, 1648241731.8696525, 1648241734.1814158, 1648241736.43758, 1648241738.69009, 1648241740.936166, 1648241743.186278, 1648241745.4405215, 1648241749.9352393, 1648241752.251289], "episode_lengths": [200, 200, 200, 200, 200, 200, 200, 200, 200, 200], "episode_rewards": [0.8807688314667104, 0.7016710039891509, -7.593906036144851, -4.4581035077897475, 0.8393881219688757, 0.8789768850646335, -0.6114973697763542, 0.8131979494739989, -6.01692720667175, -0.08190865587556573], "episode_types": ["t", "t", "t", "t", "t", "t", "t", "t", "t", "t"]}