{"initial_reset_timestamp": 1651615138.116405, "timestamps": [1651615143.4517233], "episode_lengths": [200], "episode_rewards": [121.26278926668144], "episode_types": ["t"]}