{"initial_reset_timestamp": 1648241471.291349, "timestamps": [1648241476.3634586, 1648241480.7938814, 1648241483.0731454, 1648241485.3129418, 1648241487.548808, 1648241489.785658, 1648241492.0191634, 1648241494.2565653, 1648241498.4229696, 1648241500.6988106], "episode_lengths": [200, 200, 200, 200, 200, 200, 200, 200, 200, 200], "episode_rewards": [-119.42489455127719, -0.8807330911409433, -233.31178139366412, -114.81920249621078, -115.98185426538646, -118.20935235475426, -118.31270346431806, -236.01222125951577, -460.13506540882383, -247.0426595905785], "episode_types": ["t", "t", "t", "t", "t", "t", "t", "t", "t", "t"]}